_id,userWallet,network,protocol,txHash,logId,timestamp,blockNumber,action,actionData,__v,createdAt,updatedAt
{'$oid': '681d38fed63812d4655f571a'},0x00000000001accfa9cef68cf5371a23025b6d4b6,polygon,aave_v2,0x695c69acf608fbf5d38e48ca5535e118cc213a89e3d6d2e66e6b0e3b2e8d4190,0x695c69acf608fbf5d38e48ca5535e118cc213a89e3d6d2e66e6b0e3b2e8d4190_Deposit,2021-08-17 05:29:26,1629178166,deposit,"{'type': 'Deposit', 'amount': '2000000000', 'assetSymbol': 'USDC', 'assetPriceUSD': '0.9938318274296357543568636362026045', 'poolId': '0x2791bca1f2de4661ed88a30c99a7a9449aa84174', 'userId': '0x00000000001accfa9cef68cf5371a23025b6d4b6'}",0,{'$date': '2025-05-08T23:06:39.465Z'},{'$date': '2025-05-08T23:06:39.465Z'}
{'$oid': '681aa70dd6df53021cc6f3c0'},0x000000000051d07a4fb3bd10121a343d85818da6,polygon,aave_v2,0xe6fc162c86b2928b0ba9b82bda672763665152b9de9d92b0e1512a81b1129e3f,0xe6fc162c86b2928b0ba9b82bda672763665152b9de9d92b0e1512a81b1129e3f_Deposit,2021-05-20 15:36:53,1621525013,deposit,"{'type': 'Deposit', 'amount': '145000000000000000000', 'assetSymbol': 'WMATIC', 'assetPriceUSD': '1.970306761113742502077627085754506', 'poolId': '0x0d500b1d8e8ef31e21c99d1db9a6444d3adf1270', 'userId': '0x000000000051d07a4fb3bd10121a343d85818da6'}",0,{'$date': '2025-05-07T00:19:26.159Z'},{'$date': '2025-05-07T00:19:26.159Z'}
{'$oid': '681d04c2d63812d4654c733e'},0x000000000096026fb41fc39f9875d164bd82e2dc,polygon,aave_v2,0xe2d7eb815c89331a734ed6f204a06c385a1b39040baadf59c3b29099fb138132,0xe2d7eb815c89331a734ed6f204a06c385a1b39040baadf59c3b29099fb138132_Deposit,2021-07-24 09:28:33,1627118913,deposit,"{'type': 'Deposit', 'amount': '1000000000000000', 'assetSymbol': 'WMATIC', 'assetPriceUSD': '0.9223772540040778087468127454060907', 'poolId': '0x0d500b1d8e8ef31e21c99d1db9a6444d3adf1270', 'userId': '0x000000000096026fb41fc39f9875d164bd82e2dc'}",0,{'$date': '2025-05-08T19:23:47.877Z'},{'$date': '2025-05-08T19:23:47.877Z'}
{'$oid': '681d133bd63812d46551b6ef'},0x000000000096026fb41fc39f9875d164bd82e2dc,polygon,aave_v2,0x0d63a2eacd82b82f868db825ea7385e6bd8d046ee7295428fe8bd8aa18111dec,0x0d63a2eacd82b82f868db825ea7385e6bd8d046ee7295428fe8bd8aa18111dec_Deposit,2021-07-31 23:15:18,1627773318,deposit,"{'type': 'Deposit', 'amount': '4000000000000000', 'assetSymbol': 'WMATIC', 'assetPriceUSD': '1.057483342538527030870377652200841', 'poolId': '0x0d500b1d8e8ef31e21c99d1db9a6444d3adf1270', 'userId': '0x000000000096026fb41fc39f9875d164bd82e2dc'}",0,{'$date': '2025-05-08T20:25:33.141Z'},{'$date': '2025-05-08T20:25:33.141Z'}
{'$oid': '681899e4ba49fc91cf2f4454'},0x0000000000e189dd664b9ab08a33c4839953852c,polygon,aave_v2,0x590eabb812c5006a6f4766f44e6e9d3ad0b5b563de695c78e3192dd7cc6cbbb2,0x590eabb812c5006a6f4766f44e6e9d3ad0b5b563de695c78e3192dd7cc6cbbb2_RedeemUnderlying,2021-04-19 15:25:07,1618845907,redeemunderlying,"{'type': 'RedeemUnderlying', 'amount': '501548', 'assetSymbol': 'USDC', 'assetPriceUSD': '1.00212969929885247748335868168494', 'poolId': '0x2791bca1f2de4661ed88a30c99a7a9449aa84174', 'userId': '0x7f90122bf0700f9e7e1f688fe926940e8839f353', 'toId': '0x0000000000e189dd664b9ab08a33c4839953852c'}",0,{'$date': '2025-05-05T10:58:45.934Z'},{'$date': '2025-05-05T10:58:45.934Z'}
{'$oid': '681899e4ba49fc91cf2f444b'},0x0000000000e189dd664b9ab08a33c4839953852c,polygon,aave_v2,0xf7088e777a37e0229becd726f1c5f472ddec0324b2e6b54eb1e466e6e1c5870b,0xf7088e777a37e0229becd726f1c5f472ddec0324b2e6b54eb1e466e6e1c5870b_RedeemUnderlying,2021-04-19 15:24:31,1618845871,redeemunderlying,"{'type': 'RedeemUnderlying', 'amount': '1061639', 'assetSymbol': 'USDC', 'assetPriceUSD': '1.00212969929885247748335868168494', 'poolId': '0x2791bca1f2de4661ed88a30c99a7a9449aa84174', 'userId': '0x7f90122bf0700f9e7e1f688fe926940e8839f353', 'toId': '0x0000000000e189dd664b9ab08a33c4839953852c'}",0,{'$date': '2025-05-05T10:58:45.934Z'},{'$date': '2025-05-05T10:58:45.934Z'}
{'$oid': '681899e4ba49fc91cf2f4464'},0x0000000000e189dd664b9ab08a33c4839953852c,polygon,aave_v2,0x4b49959659c5f2c78dec0e526303b9840cea68d25f8e99cfbefaba8bd0ba959d,0x4b49959659c5f2c78dec0e526303b9840cea68d25f8e99cfbefaba8bd0ba959d_RedeemUnderlying,2021-04-19 15:26:25,1618845985,redeemunderlying,"{'type': 'RedeemUnderlying', 'amount': '500553', 'assetSymbol': 'USDC', 'assetPriceUSD': '1.00099579035085994743012523994211', 'poolId': '0x2791bca1f2de4661ed88a30c99a7a9449aa84174', 'userId': '0x7f90122bf0700f9e7e1f688fe926940e8839f353', 'toId': '0x0000000000e189dd664b9ab08a33c4839953852c'}",0,{'$date': '2025-05-05T10:58:45.940Z'},{'$date': '2025-05-05T10:58:45.940Z'}
{'$oid': '681899e4ba49fc91cf2f4442'},0x0000000000e189dd664b9ab08a33c4839953852c,polygon,aave_v2,0x8579a83cac34a62049a622b0bee09d9e7d43edec7eca4b486b0db0b9d4202f98,0x8579a83cac34a62049a622b0bee09d9e7d43edec7eca4b486b0db0b9d4202f98_RedeemUnderlying,2021-04-19 15:23:17,1618845797,redeemunderlying,"{'type': 'RedeemUnderlying', 'amount': '4489246503431175327', 'assetSymbol': 'DAI', 'assetPriceUSD': '1.000146774269919458107667661438612', 'poolId': '0x8f3cf7ad23cd3cadbd9735aff958023239c6a063', 'userId': '0x7f90122bf0700f9e7e1f688fe926940e8839f353', 'toId': '0x0000000000e189dd664b9ab08a33c4839953852c'}",0,{'$date': '2025-05-05T10:58:45.934Z'},{'$date': '2025-05-05T10:58:45.934Z'}
{'$oid': '681899e4ba49fc91cf2f4a2e'},0x0000000000e189dd664b9ab08a33c4839953852c,polygon,aave_v2,0x72edddf6f791c284cfc8e743b07a30c081c735f37a3930186b9052c87337de90,0x72edddf6f791c284cfc8e743b07a30c081c735f37a3930186b9052c87337de90_RedeemUnderlying,2021-04-19 19:11:01,1618859461,redeemunderlying,"{'type': 'RedeemUnderlying', 'amount': '9995', 'assetSymbol': 'USDC', 'assetPriceUSD': '1.00180480400000002105793698008', 'poolId': '0x2791bca1f2de4661ed88a30c99a7a9449aa84174', 'userId': '0x445fe580ef8d70ff569ab36e80c647af338db351', 'toId': '0x0000000000e189dd664b9ab08a33c4839953852c'}",0,{'$date': '2025-05-05T10:58:46.045Z'},{'$date': '2025-05-05T10:58:46.045Z'}
{'$oid': '68189a50ba49fc91cf2f5f33'},0x0000000000e189dd664b9ab08a33c4839953852c,polygon,aave_v2,0x39a01414b6586052600a913f991f79a685e4224c2763a4b1fccb1522e66d4eb9,0x39a01414b6586052600a913f991f79a685e4224c2763a4b1fccb1522e66d4eb9_RedeemUnderlying,2021-04-20 12:09:37,1618920577,redeemunderlying,"{'type': 'RedeemUnderlying', 'amount': '6897212', 'assetSymbol': 'USDC', 'assetPriceUSD': '1.003744084800002066197161119956253', 'poolId': '0x2791bca1f2de4661ed88a30c99a7a9449aa84174', 'userId': '0x445fe580ef8d70ff569ab36e80c647af338db351', 'toId': '0x0000000000e189dd664b9ab08a33c4839953852c'}",0,{'$date': '2025-05-05T11:00:35.232Z'},{'$date': '2025-05-05T11:00:35.232Z'}
{'$oid': '681a9249d6df53021cbfbaa7'},0x0000000000e189dd664b9ab08a33c4839953852c,polygon,aave_v2,0x0ef6fb2c932ed7f3101d10f3b0e84f3cac5819e1d7477a32f1b34c6505ecd011,0x0ef6fb2c932ed7f3101d10f3b0e84f3cac5819e1d7477a32f1b34c6505ecd011_RedeemUnderlying,2021-05-12 12:27:42,1620822462,redeemunderlying,"{'type': 'RedeemUnderlying', 'amount': '1961', 'assetSymbol': 'WBTC', 'assetPriceUSD': '56737.68735904055359780582715923205', 'poolId': '0x1bfd67037b42cf73acf2047067bd4f2c47d9bfd6', 'userId': '0x7e13d3b4845db1508cc5f311e067925e3cf77b64', 'toId': '0x0000000000e189dd664b9ab08a33c4839953852c'}",0,{'$date': '2025-05-06T22:50:50.778Z'},{'$date': '2025-05-06T22:50:50.778Z'}
{'$oid': '681a9249d6df53021cbfbc42'},0x0000000000e189dd664b9ab08a33c4839953852c,polygon,aave_v2,0x269ad3c6d74ac75399779b71582de51330dc874de98c69daf71497d438b3cffc,0x269ad3c6d74ac75399779b71582de51330dc874de98c69daf71497d438b3cffc_RedeemUnderlying,2021-05-12 12:48:00,1620823680,redeemunderlying,"{'type': 'RedeemUnderlying', 'amount': '319997765999033', 'assetSymbol': 'WETH', 'assetPriceUSD': '4287.770000000011749047210100032194', 'poolId': '0x7ceb23fd6bc0add59e62ac25578270cff1b9f619', 'userId': '0x7e13d3b4845db1508cc5f311e067925e3cf77b64', 'toId': '0x0000000000e189dd664b9ab08a33c4839953852c'}",0,{'$date': '2025-05-06T22:50:50.795Z'},{'$date': '2025-05-06T22:50:50.795Z'}
{'$oid': '681a953bd6df53021cc0869e'},0x0000000000e189dd664b9ab08a33c4839953852c,polygon,aave_v2,0xa8737ead985ca6361c30eb02184b342c287aff66e738d1f78dde07117d8985e0,0xa8737ead985ca6361c30eb02184b342c287aff66e738d1f78dde07117d8985e0_RedeemUnderlying,2021-05-13 20:32:09,1620937929,redeemunderlying,"{'type': 'RedeemUnderlying', 'amount': '951820388612271', 'assetSymbol': 'WETH', 'assetPriceUSD': '3698.471344100004395184775742905432', 'poolId': '0x7ceb23fd6bc0add59e62ac25578270cff1b9f619', 'userId': '0x7e13d3b4845db1508cc5f311e067925e3cf77b64', 'toId': '0x0000000000e189dd664b9ab08a33c4839953852c'}",0,{'$date': '2025-05-06T23:03:25.630Z'},{'$date': '2025-05-06T23:03:25.630Z'}
{'$oid': '681ab5edd6df53021ccc3989'},0x0000000000e189dd664b9ab08a33c4839953852c,polygon,aave_v2,0x9508a5e6fd96b6aaa6c3ea5ab0d6f8954adddd6d6dc9d13b5942b0f36dfbe7d1,0x9508a5e6fd96b6aaa6c3ea5ab0d6f8954adddd6d6dc9d13b5942b0f36dfbe7d1_RedeemUnderlying,2021-05-24 18:59:29,1621882769,redeemunderlying,"{'type': 'RedeemUnderlying', 'amount': '173343301850733730', 'assetSymbol': 'WETH', 'assetPriceUSD': '2555.585000000006126312251625014686', 'poolId': '0x7ceb23fd6bc0add59e62ac25578270cff1b9f619', 'userId': '0x4244eb811d6e0ef302326675207a95113db4e1f8', 'toId': '0x0000000000e189dd664b9ab08a33c4839953852c'}",0,{'$date': '2025-05-07T01:22:53.785Z'},{'$date': '2025-05-07T01:22:53.785Z'}
{'$oid': '681ab5edd6df53021ccc3988'},0x0000000000e189dd664b9ab08a33c4839953852c,polygon,aave_v2,0x9508a5e6fd96b6aaa6c3ea5ab0d6f8954adddd6d6dc9d13b5942b0f36dfbe7d1,0x9508a5e6fd96b6aaa6c3ea5ab0d6f8954adddd6d6dc9d13b5942b0f36dfbe7d1_RedeemUnderlying,2021-05-24 18:59:29,1621882769,redeemunderlying,"{'type': 'RedeemUnderlying', 'amount': '1165982', 'assetSymbol': 'WBTC', 'assetPriceUSD': '37828.35034836286568306716385417068', 'poolId': '0x1bfd67037b42cf73acf2047067bd4f2c47d9bfd6', 'userId': '0x4244eb811d6e0ef302326675207a95113db4e1f8', 'toId': '0x0000000000e189dd664b9ab08a33c4839953852c'}",0,{'$date': '2025-05-07T01:22:53.785Z'},{'$date': '2025-05-07T01:22:53.785Z'}
{'$oid': '681ac476d6df53021cd0e43d'},0x0000000000e189dd664b9ab08a33c4839953852c,polygon,aave_v2,0x9eb64b0e0adffcab195c28061356b8d909e651ce0415b922633dc92a5f6a0e7b,0x9eb64b0e0adffcab195c28061356b8d909e651ce0415b922633dc92a5f6a0e7b_RedeemUnderlying,2021-05-27 20:25:51,1622147151,redeemunderlying,"{'type': 'RedeemUnderlying', 'amount': '16738429491422598', 'assetSymbol': 'WETH', 'assetPriceUSD': '2757.105683860007396303675194310086', 'poolId': '0x7ceb23fd6bc0add59e62ac25578270cff1b9f619', 'userId': '0x3fcd5de6a9fc8a99995c406c77dda3ed7e406f81', 'toId': '0x0000000000e189dd664b9ab08a33c4839953852c'}",0,{'$date': '2025-05-07T02:24:56.539Z'},{'$date': '2025-05-07T02:24:56.539Z'}
{'$oid': '681ac476d6df53021cd0e43c'},0x0000000000e189dd664b9ab08a33c4839953852c,polygon,aave_v2,0x9eb64b0e0adffcab195c28061356b8d909e651ce0415b922633dc92a5f6a0e7b,0x9eb64b0e0adffcab195c28061356b8d909e651ce0415b922633dc92a5f6a0e7b_RedeemUnderlying,2021-05-27 20:25:51,1622147151,redeemunderlying,"{'type': 'RedeemUnderlying', 'amount': '123039', 'assetSymbol': 'WBTC', 'assetPriceUSD': '38599.26839147708476249879963745473', 'poolId': '0x1bfd67037b42cf73acf2047067bd4f2c47d9bfd6', 'userId': '0x3fcd5de6a9fc8a99995c406c77dda3ed7e406f81', 'toId': '0x0000000000e189dd664b9ab08a33c4839953852c'}",0,{'$date': '2025-05-07T02:24:56.539Z'},{'$date': '2025-05-07T02:24:56.539Z'}
{'$oid': '681af65ed6df53021ce1f381'},0x0000000000e189dd664b9ab08a33c4839953852c,polygon,aave_v2,0x71a146ebfd460031e5b9c6bdda52aada54884a0584ab79412dff12ff8c708fa3,0x71a146ebfd460031e5b9c6bdda52aada54884a0584ab79412dff12ff8c708fa3_RedeemUnderlying,2021-06-08 06:55:23,1623135323,redeemunderlying,"{'type': 'RedeemUnderlying', 'amount': '3010', 'assetSymbol': 'WBTC', 'assetPriceUSD': '32981.70770973485743916177783258961', 'poolId': '0x1bfd67037b42cf73acf2047067bd4f2c47d9bfd6', 'userId': '0x3fcd5de6a9fc8a99995c406c77dda3ed7e406f81', 'toId': '0x0000000000e189dd664b9ab08a33c4839953852c'}",0,{'$date': '2025-05-07T05:57:52.416Z'},{'$date': '2025-05-07T05:57:52.416Z'}
{'$oid': '681af65ed6df53021ce1f399'},0x0000000000e189dd664b9ab08a33c4839953852c,polygon,aave_v2,0x3d32bc62a94d3d3d2cc909dc2da39745febc3a77d090d129705a6dd95e4e938c,0x3d32bc62a94d3d3d2cc909dc2da39745febc3a77d090d129705a6dd95e4e938c_RedeemUnderlying,2021-06-08 06:55:47,1623135347,redeemunderlying,"{'type': 'RedeemUnderlying', 'amount': '387888474619046', 'assetSymbol': 'WETH', 'assetPriceUSD': '2491.994859090001081533372270254833', 'poolId': '0x7ceb23fd6bc0add59e62ac25578270cff1b9f619', 'userId': '0x3fcd5de6a9fc8a99995c406c77dda3ed7e406f81', 'toId': '0x0000000000e189dd664b9ab08a33c4839953852c'}",0,{'$date': '2025-05-07T05:57:52.416Z'},{'$date': '2025-05-07T05:57:52.416Z'}
{'$oid': '68526897da261e2378ac0e5e'},0x0000000000e189dd664b9ab08a33c4839953852c,polygon,aave_v2,0x57ed66f8ffbaf91d536b3e7e4a5b1f0cd422847e9f23f89e153a0c652ac11e08,0x57ed66f8ffbaf91d536b3e7e4a5b1f0cd422847e9f23f89e153a0c652ac11e08_RedeemUnderlying,2021-08-26 23:15:16,1630019716,redeemunderlying,"{'type': 'RedeemUnderlying', 'amount': '1026301', 'assetSymbol': 'WBTC', 'assetPriceUSD': '46837.43066300502676403114079320807', 'poolId': '0x1bfd67037b42cf73acf2047067bd4f2c47d9bfd6', 'userId': '0x1d8b86e3d88cdb2d34688e87e72f388cb541b7c8', 'toId': '0x0000000000e189dd664b9ab08a33c4839953852c'}",0,{'$date': '2025-06-18T07:19:53.658Z'},{'$date': '2025-06-18T07:19:53.658Z'}
{'$oid': '68526897da261e2378ac0e5f'},0x0000000000e189dd664b9ab08a33c4839953852c,polygon,aave_v2,0x57ed66f8ffbaf91d536b3e7e4a5b1f0cd422847e9f23f89e153a0c652ac11e08,0x57ed66f8ffbaf91d536b3e7e4a5b1f0cd422847e9f23f89e153a0c652ac11e08_RedeemUnderlying,2021-08-26 23:15:16,1630019716,redeemunderlying,"{'type': 'RedeemUnderlying', 'amount': '154309188453065580', 'assetSymbol': 'WETH', 'assetPriceUSD': '3116.26285183000843406727483654079', 'poolId': '0x7ceb23fd6bc0add59e62ac25578270cff1b9f619', 'userId': '0x1d8b86e3d88cdb2d34688e87e72f388cb541b7c8', 'toId': '0x0000000000e189dd664b9ab08a33c4839953852c'}",0,{'$date': '2025-06-18T07:19:53.658Z'},{'$date': '2025-06-18T07:19:53.658Z'}
{'$oid': '68189ac4ba49fc91cf2fa274'},0x0000000002032370b971dabd36d72f3e5a7bf1ee,polygon,aave_v2,0xf6ed98e1e87d936067c4f49e5988b78ebbc674bcc4a77531c194b97a34809cc6,0xf6ed98e1e87d936067c4f49e5988b78ebbc674bcc4a77531c194b97a34809cc6_RedeemUnderlying,2021-04-21 21:28:30,1619040510,redeemunderlying,"{'type': 'RedeemUnderlying', 'amount': '100037643', 'assetSymbol': 'USDC', 'assetPriceUSD': '0.9973989151195205170822213954086665', 'poolId': '0x2791bca1f2de4661ed88a30c99a7a9449aa84174', 'userId': '0x445fe580ef8d70ff569ab36e80c647af338db351', 'toId': '0x0000000002032370b971dabd36d72f3e5a7bf1ee'}",0,{'$date': '2025-05-05T11:02:29.579Z'},{'$date': '2025-05-05T11:02:29.579Z'}
{'$oid': '68189ac4ba49fc91cf2fa282'},0x0000000002032370b971dabd36d72f3e5a7bf1ee,polygon,aave_v2,0xa7f9a77499cb0416eed2ffba12de76a37407ae1613b0bb8af3a3677b7b0880b1,0xa7f9a77499cb0416eed2ffba12de76a37407ae1613b0bb8af3a3677b7b0880b1_RedeemUnderlying,2021-04-21 21:30:14,1619040614,redeemunderlying,"{'type': 'RedeemUnderlying', 'amount': '1000374387', 'assetSymbol': 'USDC', 'assetPriceUSD': '0.9973989151195205170822213954086665', 'poolId': '0x2791bca1f2de4661ed88a30c99a7a9449aa84174', 'userId': '0x445fe580ef8d70ff569ab36e80c647af338db351', 'toId': '0x0000000002032370b971dabd36d72f3e5a7bf1ee'}",0,{'$date': '2025-05-05T11:02:29.579Z'},{'$date': '2025-05-05T11:02:29.579Z'}
{'$oid': '68189ac4ba49fc91cf2fa27f'},0x0000000002032370b971dabd36d72f3e5a7bf1ee,polygon,aave_v2,0xf7770ad723797c26938158d550292b3f059ad841bc58f20a55fa6393ae066a9a,0xf7770ad723797c26938158d550292b3f059ad841bc58f20a55fa6393ae066a9a_RedeemUnderlying,2021-04-21 21:29:54,1619040594,redeemunderlying,"{'type': 'RedeemUnderlying', 'amount': '1000375515', 'assetSymbol': 'USDC', 'assetPriceUSD': '0.9973989151195205170822213954086665', 'poolId': '0x2791bca1f2de4661ed88a30c99a7a9449aa84174', 'userId': '0x445fe580ef8d70ff569ab36e80c647af338db351', 'toId': '0x0000000002032370b971dabd36d72f3e5a7bf1ee'}",0,{'$date': '2025-05-05T11:02:29.579Z'},{'$date': '2025-05-05T11:02:29.579Z'}
{'$oid': '68189ac4ba49fc91cf2fa297'},0x0000000002032370b971dabd36d72f3e5a7bf1ee,polygon,aave_v2,0x389e58eb08565dcac1ca9cb1941c8ae4ef00bab1c236b9040c6b2f533d5ed8bc,0x389e58eb08565dcac1ca9cb1941c8ae4ef00bab1c236b9040c6b2f533d5ed8bc_RedeemUnderlying,2021-04-21 21:31:20,1619040680,redeemunderlying,"{'type': 'RedeemUnderlying', 'amount': '477178083', 'assetSymbol': 'USDC', 'assetPriceUSD': '0.9973989151195205170822213954086665', 'poolId': '0x2791bca1f2de4661ed88a30c99a7a9449aa84174', 'userId': '0x445fe580ef8d70ff569ab36e80c647af338db351', 'toId': '0x0000000002032370b971dabd36d72f3e5a7bf1ee'}",0,{'$date': '2025-05-05T11:02:29.580Z'},{'$date': '2025-05-05T11:02:29.580Z'}
{'$oid': '681a850cd6df53021cbb5ada'},0x0000000002032370b971dabd36d72f3e5a7bf1ee,polygon,aave_v2,0x9ab7822641ebba228c4b7871ce46e668c9c9e5cde29f8008166fd37252c14e9e,0x9ab7822641ebba228c4b7871ce46e668c9c9e5cde29f8008166fd37252c14e9e_Deposit,2021-05-01 06:48:09,1619851689,deposit,"{'type': 'Deposit', 'amount': '1299538285', 'assetSymbol': 'USDT', 'assetPriceUSD': '0.9989090762174433910751035045799181', 'poolId': '0xc2132d05d31c914a87c6611c10748aeb04b58e8f', 'userId': '0x0000000002032370b971dabd36d72f3e5a7bf1ee'}",0,{'$date': '2025-05-06T21:54:21.931Z'},{'$date': '2025-05-06T21:54:21.931Z'}
{'$oid': '681a8593d6df53021cbb78e5'},0x0000000002032370b971dabd36d72f3e5a7bf1ee,polygon,aave_v2,0x80bcc022912a06ddb71d5dfa538b52b300f66f9cd2dfe448b672cba597f821c1,0x80bcc022912a06ddb71d5dfa538b52b300f66f9cd2dfe448b672cba597f821c1_RedeemUnderlying,2021-05-01 14:29:37,1619879377,redeemunderlying,"{'type': 'RedeemUnderlying', 'amount': '1299694334', 'assetSymbol': 'USDT', 'assetPriceUSD': '1.004238553942288386695476272284068', 'poolId': '0xc2132d05d31c914a87c6611c10748aeb04b58e8f', 'userId': '0x0000000002032370b971dabd36d72f3e5a7bf1ee', 'toId': '0x0000000002032370b971dabd36d72f3e5a7bf1ee'}",0,{'$date': '2025-05-06T21:56:37.135Z'},{'$date': '2025-05-06T21:56:37.135Z'}
{'$oid': '681a8a27d6df53021cbceb46'},0x0000000002032370b971dabd36d72f3e5a7bf1ee,polygon,aave_v2,0xfa1e6a5e6da0cea72e1e06f61978bf9dcffd2b80f992112dfb68628ecd114d6e,0xfa1e6a5e6da0cea72e1e06f61978bf9dcffd2b80f992112dfb68628ecd114d6e_Deposit,2021-05-05 11:48:23,1620215303,deposit,"{'type': 'Deposit', 'amount': '121382087232', 'assetSymbol': 'USDC', 'assetPriceUSD': '0.9957307142334515365790256110850819', 'poolId': '0x2791bca1f2de4661ed88a30c99a7a9449aa84174', 'userId': '0x0000000002032370b971dabd36d72f3e5a7bf1ee'}",0,{'$date': '2025-05-06T22:16:08.435Z'},{'$date': '2025-05-06T22:16:08.435Z'}
{'$oid': '681a8b30d6df53021cbd3139'},0x0000000002032370b971dabd36d72f3e5a7bf1ee,polygon,aave_v2,0x2d175d3044588fc19234a7d4ee5c0c7ba8ead6871381426adc99320b9b29ea0e,0x2d175d3044588fc19234a7d4ee5c0c7ba8ead6871381426adc99320b9b29ea0e_Deposit,2021-05-06 08:19:14,1620289154,deposit,"{'type': 'Deposit', 'amount': '8357569946390671733', 'assetSymbol': 'WPOL', 'assetPriceUSD': '0.7800791852750514467744847521134547', 'poolId': '0x0d500b1d8e8ef31e21c99d1db9a6444d3adf1270', 'userId': '0x0000000002032370b971dabd36d72f3e5a7bf1ee'}",0,{'$date': '2025-05-06T22:20:34.789Z'},{'$date': '2025-05-06T22:20:34.789Z'}
{'$oid': '681a8b30d6df53021cbd314e'},0x0000000002032370b971dabd36d72f3e5a7bf1ee,polygon,aave_v2,0x67a173c2467da51bd00eaca595365afdb610994ba9f1efb7120381987c51a4e6,0x67a173c2467da51bd00eaca595365afdb610994ba9f1efb7120381987c51a4e6_Deposit,2021-05-06 08:20:40,1620289240,deposit,"{'type': 'Deposit', 'amount': '8820088255788350285', 'assetSymbol': 'WPOL', 'assetPriceUSD': '0.7800791852750514467744847521134547', 'poolId': '0x0d500b1d8e8ef31e21c99d1db9a6444d3adf1270', 'userId': '0x0000000002032370b971dabd36d72f3e5a7bf1ee'}",0,{'$date': '2025-05-06T22:20:34.790Z'},{'$date': '2025-05-06T22:20:34.790Z'}
{'$oid': '681a8ba6d6df53021cbd5bd7'},0x0000000002032370b971dabd36d72f3e5a7bf1ee,polygon,aave_v2,0x3aba3ae9890bcbaa18d41c6bd0bbc21f1e64e6d14bede8ecc0b7b245ce05ce65,0x3aba3ae9890bcbaa18d41c6bd0bbc21f1e64e6d14bede8ecc0b7b245ce05ce65_Deposit,2021-05-06 20:43:18,1620333798,deposit,"{'type': 'Deposit', 'amount': '9438102808951420226', 'assetSymbol': 'WPOL', 'assetPriceUSD': '0.7598180605000022234707868023665066', 'poolId': '0x0d500b1d8e8ef31e21c99d1db9a6444d3adf1270', 'userId': '0x0000000002032370b971dabd36d72f3e5a7bf1ee'}",0,{'$date': '2025-05-06T22:22:32.438Z'},{'$date': '2025-05-06T22:22:32.438Z'}
{'$oid': '681a8ba8d6df53021cbd74ae'},0x0000000002032370b971dabd36d72f3e5a7bf1ee,polygon,aave_v2,0x50d706ffa514e03656ab86a1a44d2c862790c96c1740b0c0b4d4326a18d8f339,0x50d706ffa514e03656ab86a1a44d2c862790c96c1740b0c0b4d4326a18d8f339_RedeemUnderlying,2021-05-07 02:16:41,1620353801,redeemunderlying,"{'type': 'RedeemUnderlying', 'amount': '121398657753', 'assetSymbol': 'USDC', 'assetPriceUSD': '1.00004245745773199856793255412604', 'poolId': '0x2791bca1f2de4661ed88a30c99a7a9449aa84174', 'userId': '0x0000000002032370b971dabd36d72f3e5a7bf1ee', 'toId': '0x0000000002032370b971dabd36d72f3e5a7bf1ee'}",0,{'$date': '2025-05-06T22:22:32.712Z'},{'$date': '2025-05-06T22:22:32.712Z'}
{'$oid': '681a8ba8d6df53021cbd7531'},0x0000000002032370b971dabd36d72f3e5a7bf1ee,polygon,aave_v2,0x71b0bc0e5eac46b19d2e2ef8350566b7ce7b845ad3cfb4a12e1efa773c275d82,0x71b0bc0e5eac46b19d2e2ef8350566b7ce7b845ad3cfb4a12e1efa773c275d82_Deposit,2021-05-07 02:22:31,1620354151,deposit,"{'type': 'Deposit', 'amount': '58304387155', 'assetSymbol': 'USDC', 'assetPriceUSD': '1.00004245745773199856793255412604', 'poolId': '0x2791bca1f2de4661ed88a30c99a7a9449aa84174', 'userId': '0x0000000002032370b971dabd36d72f3e5a7bf1ee'}",0,{'$date': '2025-05-06T22:22:32.716Z'},{'$date': '2025-05-06T22:22:32.716Z'}
{'$oid': '681a8c9dd6df53021cbdb94a'},0x0000000002032370b971dabd36d72f3e5a7bf1ee,polygon,aave_v2,0x60f93f61869051e00a8cd321b4f2b7f2b6a40a3a11bfa173fba6a3b208321e3b,0x60f93f61869051e00a8cd321b4f2b7f2b6a40a3a11bfa173fba6a3b208321e3b_RedeemUnderlying,2021-05-07 20:44:24,1620420264,redeemunderlying,"{'type': 'RedeemUnderlying', 'amount': '58309411473', 'assetSymbol': 'USDC', 'assetPriceUSD': '1.001264383466812461098290784448614', 'poolId': '0x2791bca1f2de4661ed88a30c99a7a9449aa84174', 'userId': '0x0000000002032370b971dabd36d72f3e5a7bf1ee', 'toId': '0x0000000002032370b971dabd36d72f3e5a7bf1ee'}",0,{'$date': '2025-05-06T22:26:39.062Z'},{'$date': '2025-05-06T22:26:39.062Z'}
{'$oid': '681a8c9dd6df53021cbdb936'},0x0000000002032370b971dabd36d72f3e5a7bf1ee,polygon,aave_v2,0x503a5d3479678c84329d73d4202245c7280ca3fe7e3114f96da69386b2ca3d40,0x503a5d3479678c84329d73d4202245c7280ca3fe7e3114f96da69386b2ca3d40_Deposit,2021-05-07 20:43:26,1620420206,deposit,"{'type': 'Deposit', 'amount': '1816883512604438000', 'assetSymbol': 'WPOL', 'assetPriceUSD': '0.7630203941540177375537027455655968', 'poolId': '0x0d500b1d8e8ef31e21c99d1db9a6444d3adf1270', 'userId': '0x0000000002032370b971dabd36d72f3e5a7bf1ee'}",0,{'$date': '2025-05-06T22:26:39.061Z'},{'$date': '2025-05-06T22:26:39.061Z'}
{'$oid': '681a8c9dd6df53021cbdb91b'},0x0000000002032370b971dabd36d72f3e5a7bf1ee,polygon,aave_v2,0x51d05bb37cac9bd91a937eb363513fcbc2bac50e7005e5c2937846215f24e1bc,0x51d05bb37cac9bd91a937eb363513fcbc2bac50e7005e5c2937846215f24e1bc_Deposit,2021-05-07 20:42:26,1620420146,deposit,"{'type': 'Deposit', 'amount': '196619994272', 'assetSymbol': 'USDT', 'assetPriceUSD': '1.002100364179858917328435909700073', 'poolId': '0xc2132d05d31c914a87c6611c10748aeb04b58e8f', 'userId': '0x0000000002032370b971dabd36d72f3e5a7bf1ee'}",0,{'$date': '2025-05-06T22:26:39.061Z'},{'$date': '2025-05-06T22:26:39.061Z'}
{'$oid': '681a8c9dd6df53021cbdb94c'},0x0000000002032370b971dabd36d72f3e5a7bf1ee,polygon,aave_v2,0xbd6526af6e417219ce45a12da03eab443abc49681394439434adc946069369e4,0xbd6526af6e417219ce45a12da03eab443abc49681394439434adc946069369e4_RedeemUnderlying,2021-05-07 20:44:44,1620420284,redeemunderlying,"{'type': 'RedeemUnderlying', 'amount': '60000000000', 'assetSymbol': 'USDT', 'assetPriceUSD': '1.002100364179858917328435909700073', 'poolId': '0xc2132d05d31c914a87c6611c10748aeb04b58e8f', 'userId': '0x0000000002032370b971dabd36d72f3e5a7bf1ee', 'toId': '0x0000000002032370b971dabd36d72f3e5a7bf1ee'}",0,{'$date': '2025-05-06T22:26:39.062Z'},{'$date': '2025-05-06T22:26:39.062Z'}
{'$oid': '681a8c9dd6df53021cbdbbc9'},0x0000000002032370b971dabd36d72f3e5a7bf1ee,polygon,aave_v2,0x7a9ada3eab06899cb6dc1d7ae90d0026fed268eafdfde02a320090c43c0cb180,0x7a9ada3eab06899cb6dc1d7ae90d0026fed268eafdfde02a320090c43c0cb180_Deposit,2021-05-07 21:19:34,1620422374,deposit,"{'type': 'Deposit', 'amount': '1636474230', 'assetSymbol': 'USDT', 'assetPriceUSD': '0.996401632785772724383834204076687', 'poolId': '0xc2132d05d31c914a87c6611c10748aeb04b58e8f', 'userId': '0x0000000002032370b971dabd36d72f3e5a7bf1ee'}",0,{'$date': '2025-05-06T22:26:39.099Z'},{'$date': '2025-05-06T22:26:39.099Z'}
{'$oid': '681a8d1ed6df53021cbdd3a0'},0x0000000002032370b971dabd36d72f3e5a7bf1ee,polygon,aave_v2,0x23488e1865a8b7935b5fb32d2cbdac210a232313c18a8d8d3ee83a63f0389100,0x23488e1865a8b7935b5fb32d2cbdac210a232313c18a8d8d3ee83a63f0389100_Deposit,2021-05-08 05:09:03,1620450543,deposit,"{'type': 'Deposit', 'amount': '762153', 'assetSymbol': 'USDT', 'assetPriceUSD': '1.000772057691672685613112631941285', 'poolId': '0xc2132d05d31c914a87c6611c10748aeb04b58e8f', 'userId': '0x0000000002032370b971dabd36d72f3e5a7bf1ee'}",0,{'$date': '2025-05-06T22:28:48.870Z'},{'$date': '2025-05-06T22:28:48.870Z'}
{'$oid': '681a8d1ed6df53021cbdd381'},0x0000000002032370b971dabd36d72f3e5a7bf1ee,polygon,aave_v2,0x546f978296df4a7213354f8be06400d5e3bd3f6c6bf65a994f76e91c4a40b52e,0x546f978296df4a7213354f8be06400d5e3bd3f6c6bf65a994f76e91c4a40b52e_Deposit,2021-05-08 05:06:51,1620450411,deposit,"{'type': 'Deposit', 'amount': '33020169219074681587', 'assetSymbol': 'WPOL', 'assetPriceUSD': '0.7544203162000008922529079697410552', 'poolId': '0x0d500b1d8e8ef31e21c99d1db9a6444d3adf1270', 'userId': '0x0000000002032370b971dabd36d72f3e5a7bf1ee'}",0,{'$date': '2025-05-06T22:28:48.868Z'},{'$date': '2025-05-06T22:28:48.868Z'}
{'$oid': '681a8d1ed6df53021cbdd389'},0x0000000002032370b971dabd36d72f3e5a7bf1ee,polygon,aave_v2,0x6811b4cd6fb3d66fe4f0868dea8054dff622da32f5d0b7f778bf4f88a82acc73,0x6811b4cd6fb3d66fe4f0868dea8054dff622da32f5d0b7f778bf4f88a82acc73_RedeemUnderlying,2021-05-08 05:07:43,1620450463,redeemunderlying,"{'type': 'RedeemUnderlying', 'amount': '1000000', 'assetSymbol': 'USDT', 'assetPriceUSD': '1.000772057691672685613112631941285', 'poolId': '0xc2132d05d31c914a87c6611c10748aeb04b58e8f', 'userId': '0x0000000002032370b971dabd36d72f3e5a7bf1ee', 'toId': '0x0000000002032370b971dabd36d72f3e5a7bf1ee'}",0,{'$date': '2025-05-06T22:28:48.868Z'},{'$date': '2025-05-06T22:28:48.868Z'}
{'$oid': '681a8d1fd6df53021cbde4ae'},0x0000000002032370b971dabd36d72f3e5a7bf1ee,polygon,aave_v2,0x7e72d0082991b57d95b61431118b4ee18116b00d825329b5e5d02ed434612d4d,0x7e72d0082991b57d95b61431118b4ee18116b00d825329b5e5d02ed434612d4d_Deposit,2021-05-08 10:58:37,1620471517,deposit,"{'type': 'Deposit', 'amount': '16149758130918552179', 'assetSymbol': 'WPOL', 'assetPriceUSD': '0.7537753314000012072164197569859334', 'poolId': '0x0d500b1d8e8ef31e21c99d1db9a6444d3adf1270', 'userId': '0x0000000002032370b971dabd36d72f3e5a7bf1ee'}",0,{'$date': '2025-05-06T22:28:49.010Z'},{'$date': '2025-05-06T22:28:49.010Z'}
{'$oid': '681a8d20d6df53021cbded6e'},0x0000000002032370b971dabd36d72f3e5a7bf1ee,polygon,aave_v2,0x884ec393fa5557faa7cc4305c57171aedbae76612b1390f1ebdef71183cda9de,0x884ec393fa5557faa7cc4305c57171aedbae76612b1390f1ebdef71183cda9de_Deposit,2021-05-08 13:50:56,1620481856,deposit,"{'type': 'Deposit', 'amount': '990416', 'assetSymbol': 'USDT', 'assetPriceUSD': '1.002318181351670405612830682498755', 'poolId': '0xc2132d05d31c914a87c6611c10748aeb04b58e8f', 'userId': '0x0000000002032370b971dabd36d72f3e5a7bf1ee'}",0,{'$date': '2025-05-06T22:28:49.140Z'},{'$date': '2025-05-06T22:28:49.140Z'}
{'$oid': '681a8d20d6df53021cbded9b'},0x0000000002032370b971dabd36d72f3e5a7bf1ee,polygon,aave_v2,0xc2bbf1f8ae4122857112680d8cc2fa78a5b735b26ef36b7ae36666d869818bfa,0xc2bbf1f8ae4122857112680d8cc2fa78a5b735b26ef36b7ae36666d869818bfa_RedeemUnderlying,2021-05-08 13:53:46,1620482026,redeemunderlying,"{'type': 'RedeemUnderlying', 'amount': '10000000000', 'assetSymbol': 'USDT', 'assetPriceUSD': '0.9986798278503013002216280840044023', 'poolId': '0xc2132d05d31c914a87c6611c10748aeb04b58e8f', 'userId': '0x0000000002032370b971dabd36d72f3e5a7bf1ee', 'toId': '0x0000000002032370b971dabd36d72f3e5a7bf1ee'}",0,{'$date': '2025-05-06T22:28:49.141Z'},{'$date': '2025-05-06T22:28:49.141Z'}
{'$oid': '681a8d20d6df53021cbdedcb'},0x0000000002032370b971dabd36d72f3e5a7bf1ee,polygon,aave_v2,0xc5e5192cf48c482f95501a302dec4fb6653ad4673c79b7570275a1ce2e3c0dff,0xc5e5192cf48c482f95501a302dec4fb6653ad4673c79b7570275a1ce2e3c0dff_RedeemUnderlying,2021-05-08 13:56:48,1620482208,redeemunderlying,"{'type': 'RedeemUnderlying', 'amount': '11000000000', 'assetSymbol': 'USDT', 'assetPriceUSD': '0.9986798278503013002216280840044023', 'poolId': '0xc2132d05d31c914a87c6611c10748aeb04b58e8f', 'userId': '0x0000000002032370b971dabd36d72f3e5a7bf1ee', 'toId': '0x0000000002032370b971dabd36d72f3e5a7bf1ee'}",0,{'$date': '2025-05-06T22:28:49.142Z'},{'$date': '2025-05-06T22:28:49.142Z'}
{'$oid': '681a8d20d6df53021cbdede7'},0x0000000002032370b971dabd36d72f3e5a7bf1ee,polygon,aave_v2,0x74ab22c19482e8470dc76b455da56fa24e25564745da98051f609889a9ebb374,0x74ab22c19482e8470dc76b455da56fa24e25564745da98051f609889a9ebb374_Deposit,2021-05-08 13:58:18,1620482298,deposit,"{'type': 'Deposit', 'amount': '991169661', 'assetSymbol': 'USDT', 'assetPriceUSD': '1.00274515468416952429409356253398', 'poolId': '0xc2132d05d31c914a87c6611c10748aeb04b58e8f', 'userId': '0x0000000002032370b971dabd36d72f3e5a7bf1ee'}",0,{'$date': '2025-05-06T22:28:49.143Z'},{'$date': '2025-05-06T22:28:49.143Z'}
{'$oid': '681a8d95d6df53021cbe0190'},0x0000000002032370b971dabd36d72f3e5a7bf1ee,polygon,aave_v2,0x4acc0169d0d15aa859a22205e16537767af70db56f016183057635fd8e188cbb,0x4acc0169d0d15aa859a22205e16537767af70db56f016183057635fd8e188cbb_Deposit,2021-05-08 18:05:16,1620497116,deposit,"{'type': 'Deposit', 'amount': '18000000000000000000', 'assetSymbol': 'WPOL', 'assetPriceUSD': '0.7699083182768265918605333192247818', 'poolId': '0x0d500b1d8e8ef31e21c99d1db9a6444d3adf1270', 'userId': '0x0000000002032370b971dabd36d72f3e5a7bf1ee'}",0,{'$date': '2025-05-06T22:30:46.839Z'},{'$date': '2025-05-06T22:30:46.839Z'}
{'$oid': '681a8d96d6df53021cbe11c5'},0x0000000002032370b971dabd36d72f3e5a7bf1ee,polygon,aave_v2,0x6a55f750804c68427b1a4e3a90267cfe05b9ebf0905cc66686598ee264d1c557,0x6a55f750804c68427b1a4e3a90267cfe05b9ebf0905cc66686598ee264d1c557_Deposit,2021-05-08 22:06:36,1620511596,deposit,"{'type': 'Deposit', 'amount': '5267774241000000000', 'assetSymbol': 'WETH', 'assetPriceUSD': '3937.63000000000471661134290000565', 'poolId': '0x7ceb23fd6bc0add59e62ac25578270cff1b9f619', 'userId': '0x0000000002032370b971dabd36d72f3e5a7bf1ee'}",0,{'$date': '2025-05-06T22:30:47.006Z'},{'$date': '2025-05-06T22:30:47.006Z'}
{'$oid': '681a8d96d6df53021cbe1aad'},0x0000000002032370b971dabd36d72f3e5a7bf1ee,polygon,aave_v2,0x5e24426b9badbf698da08d82fa56544d182532a46a47a2f5d6c92b159c22399e,0x5e24426b9badbf698da08d82fa56544d182532a46a47a2f5d6c92b159c22399e_Deposit,2021-05-09 00:10:50,1620519050,deposit,"{'type': 'Deposit', 'amount': '2000000000000000000', 'assetSymbol': 'WMATIC', 'assetPriceUSD': '0.8385781576826760280801626688719654', 'poolId': '0x0d500b1d8e8ef31e21c99d1db9a6444d3adf1270', 'userId': '0x0000000002032370b971dabd36d72f3e5a7bf1ee'}",0,{'$date': '2025-05-06T22:30:47.062Z'},{'$date': '2025-05-06T22:30:47.062Z'}
{'$oid': '681a8d96d6df53021cbe1a8c'},0x0000000002032370b971dabd36d72f3e5a7bf1ee,polygon,aave_v2,0x60a9b219b4c9fdcd3b0ab3f057c0146f8e08a59914ccbf8cf71469f729fba97d,0x60a9b219b4c9fdcd3b0ab3f057c0146f8e08a59914ccbf8cf71469f729fba97d_Deposit,2021-05-09 00:09:24,1620518964,deposit,"{'type': 'Deposit', 'amount': '13000000000000000000', 'assetSymbol': 'WMATIC', 'assetPriceUSD': '0.8431107906779871954364314848479632', 'poolId': '0x0d500b1d8e8ef31e21c99d1db9a6444d3adf1270', 'userId': '0x0000000002032370b971dabd36d72f3e5a7bf1ee'}",0,{'$date': '2025-05-06T22:30:47.062Z'},{'$date': '2025-05-06T22:30:47.062Z'}
{'$oid': '681a8e74d6df53021cbe4544'},0x0000000002032370b971dabd36d72f3e5a7bf1ee,polygon,aave_v2,0xb006f8112ad17a744a3a6c5f83def5d36dd38adad3dade8495bd41f34fd0940e,0xb006f8112ad17a744a3a6c5f83def5d36dd38adad3dade8495bd41f34fd0940e_RedeemUnderlying,2021-05-09 11:21:54,1620559314,redeemunderlying,"{'type': 'RedeemUnderlying', 'amount': '2000000000000000000', 'assetSymbol': 'WETH', 'assetPriceUSD': '3907.389095300000282882486391560537', 'poolId': '0x7ceb23fd6bc0add59e62ac25578270cff1b9f619', 'userId': '0x0000000002032370b971dabd36d72f3e5a7bf1ee', 'toId': '0x0000000002032370b971dabd36d72f3e5a7bf1ee'}",0,{'$date': '2025-05-06T22:34:30.510Z'},{'$date': '2025-05-06T22:34:30.510Z'}
{'$oid': '681a8ee6d6df53021cbe8fed'},0x0000000002032370b971dabd36d72f3e5a7bf1ee,polygon,aave_v2,0xabcc7bed549bb1f9f6d077f25469099f616035728597a381d46d5416c4e6659e,0xabcc7bed549bb1f9f6d077f25469099f616035728597a381d46d5416c4e6659e_RedeemUnderlying,2021-05-09 18:07:05,1620583625,redeemunderlying,"{'type': 'RedeemUnderlying', 'amount': '8000000', 'assetSymbol': 'USDT', 'assetPriceUSD': '1.004560200000002017156881600004051', 'poolId': '0xc2132d05d31c914a87c6611c10748aeb04b58e8f', 'userId': '0x0000000002032370b971dabd36d72f3e5a7bf1ee', 'toId': '0x0000000002032370b971dabd36d72f3e5a7bf1ee'}",0,{'$date': '2025-05-06T22:36:22.816Z'},{'$date': '2025-05-06T22:36:22.816Z'}
{'$oid': '681a8ee6d6df53021cbe8f5f'},0x0000000002032370b971dabd36d72f3e5a7bf1ee,polygon,aave_v2,0x8d994967c7018011d31a61156a1ef7a8f8f851d130a5dd5cd2b42aed4d2c8afc,0x8d994967c7018011d31a61156a1ef7a8f8f851d130a5dd5cd2b42aed4d2c8afc_Deposit,2021-05-09 18:00:01,1620583201,deposit,"{'type': 'Deposit', 'amount': '2000000000000000000', 'assetSymbol': 'WETH', 'assetPriceUSD': '3921.00000000000787336800000001581', 'poolId': '0x7ceb23fd6bc0add59e62ac25578270cff1b9f619', 'userId': '0x0000000002032370b971dabd36d72f3e5a7bf1ee'}",0,{'$date': '2025-05-06T22:36:22.812Z'},{'$date': '2025-05-06T22:36:22.812Z'}
{'$oid': '681a8ee6d6df53021cbe8f13'},0x0000000002032370b971dabd36d72f3e5a7bf1ee,polygon,aave_v2,0x2ff6716e391cf919ccbfea1bad2565647f7721d70a3b3ccb84f8576f44a07eaa,0x2ff6716e391cf919ccbfea1bad2565647f7721d70a3b3ccb84f8576f44a07eaa_Deposit,2021-05-09 17:56:31,1620582991,deposit,"{'type': 'Deposit', 'amount': '38000000000000000000', 'assetSymbol': 'WPOL', 'assetPriceUSD': '0.9871222473383056256291204543255245', 'poolId': '0x0d500b1d8e8ef31e21c99d1db9a6444d3adf1270', 'userId': '0x0000000002032370b971dabd36d72f3e5a7bf1ee'}",0,{'$date': '2025-05-06T22:36:22.810Z'},{'$date': '2025-05-06T22:36:22.810Z'}
{'$oid': '681a8ee6d6df53021cbe9007'},0x0000000002032370b971dabd36d72f3e5a7bf1ee,polygon,aave_v2,0xbf373b9f0aab317af845f70af3f60c955e2bb31209e9d3667f64f3b7e09d7f13,0xbf373b9f0aab317af845f70af3f60c955e2bb31209e9d3667f64f3b7e09d7f13_RedeemUnderlying,2021-05-09 18:07:43,1620583663,redeemunderlying,"{'type': 'RedeemUnderlying', 'amount': '10000000', 'assetSymbol': 'USDT', 'assetPriceUSD': '1.004560200000002017156881600004051', 'poolId': '0xc2132d05d31c914a87c6611c10748aeb04b58e8f', 'userId': '0x0000000002032370b971dabd36d72f3e5a7bf1ee', 'toId': '0x0000000002032370b971dabd36d72f3e5a7bf1ee'}",0,{'$date': '2025-05-06T22:36:22.816Z'},{'$date': '2025-05-06T22:36:22.816Z'}
{'$oid': '681a8ee6d6df53021cbe91b5'},0x0000000002032370b971dabd36d72f3e5a7bf1ee,polygon,aave_v2,0x86e1d4c2ca2dde71afd0bd379da96a559c9ab97913ba8c13f6794f551b781173,0x86e1d4c2ca2dde71afd0bd379da96a559c9ab97913ba8c13f6794f551b781173_RedeemUnderlying,2021-05-09 18:29:31,1620584971,redeemunderlying,"{'type': 'RedeemUnderlying', 'amount': '611736', 'assetSymbol': 'USDT', 'assetPriceUSD': '1.000408685539653871820640563624975', 'poolId': '0xc2132d05d31c914a87c6611c10748aeb04b58e8f', 'userId': '0x0000000002032370b971dabd36d72f3e5a7bf1ee', 'toId': '0x0000000002032370b971dabd36d72f3e5a7bf1ee'}",0,{'$date': '2025-05-06T22:36:22.826Z'},{'$date': '2025-05-06T22:36:22.826Z'}
{'$oid': '681a8ee6d6df53021cbe9185'},0x0000000002032370b971dabd36d72f3e5a7bf1ee,polygon,aave_v2,0x247fa21cde755f2471767c36cb1ce8717c5db8a252cffa519944bf8ab45ba119,0x247fa21cde755f2471767c36cb1ce8717c5db8a252cffa519944bf8ab45ba119_Deposit,2021-05-09 18:26:03,1620584763,deposit,"{'type': 'Deposit', 'amount': '1000000', 'assetSymbol': 'USDT', 'assetPriceUSD': '1.000408685539653871820640563624975', 'poolId': '0xc2132d05d31c914a87c6611c10748aeb04b58e8f', 'userId': '0x0000000002032370b971dabd36d72f3e5a7bf1ee'}",0,{'$date': '2025-05-06T22:36:22.825Z'},{'$date': '2025-05-06T22:36:22.825Z'}
{'$oid': '681a8f60d6df53021cbe9c65'},0x0000000002032370b971dabd36d72f3e5a7bf1ee,polygon,aave_v2,0x656be80a740854d9930d4f9c3963871252ea334e01c7f44f1f90b6b0cb828f61,0x656be80a740854d9930d4f9c3963871252ea334e01c7f44f1f90b6b0cb828f61_Deposit,2021-05-09 20:34:42,1620592482,deposit,"{'type': 'Deposit', 'amount': '5000000000000000000', 'assetSymbol': 'WPOL', 'assetPriceUSD': '1.019646050640936903272253610913528', 'poolId': '0x0d500b1d8e8ef31e21c99d1db9a6444d3adf1270', 'userId': '0x0000000002032370b971dabd36d72f3e5a7bf1ee'}",0,{'$date': '2025-05-06T22:38:25.894Z'},{'$date': '2025-05-06T22:38:25.894Z'}
{'$oid': '681a8f60d6df53021cbeac31'},0x0000000002032370b971dabd36d72f3e5a7bf1ee,polygon,aave_v2,0x98e03579d487a33e5ca8cb2fec0e287105aea5f34ef69fd5597d39b59e3dbc84,0x98e03579d487a33e5ca8cb2fec0e287105aea5f34ef69fd5597d39b59e3dbc84_RedeemUnderlying,2021-05-10 00:50:24,1620607824,redeemunderlying,"{'type': 'RedeemUnderlying', 'amount': '2000000000000000000', 'assetSymbol': 'WETH', 'assetPriceUSD': '3922.840000000012738089134400041363', 'poolId': '0x7ceb23fd6bc0add59e62ac25578270cff1b9f619', 'userId': '0x0000000002032370b971dabd36d72f3e5a7bf1ee', 'toId': '0x0000000002032370b971dabd36d72f3e5a7bf1ee'}",0,{'$date': '2025-05-06T22:38:26.055Z'},{'$date': '2025-05-06T22:38:26.055Z'}
{'$oid': '681a8f60d6df53021cbeac5f'},0x0000000002032370b971dabd36d72f3e5a7bf1ee,polygon,aave_v2,0x24f4ca745d72046eca68fa7d8b048b27b0ac014ed01ddc1310f9b66c14cb83da,0x24f4ca745d72046eca68fa7d8b048b27b0ac014ed01ddc1310f9b66c14cb83da_Deposit,2021-05-10 00:54:18,1620608058,deposit,"{'type': 'Deposit', 'amount': '8000000000000000000', 'assetSymbol': 'WPOL', 'assetPriceUSD': '0.9768329381469390147328434332144912', 'poolId': '0x0d500b1d8e8ef31e21c99d1db9a6444d3adf1270', 'userId': '0x0000000002032370b971dabd36d72f3e5a7bf1ee'}",0,{'$date': '2025-05-06T22:38:26.056Z'},{'$date': '2025-05-06T22:38:26.056Z'}
{'$oid': '681a8f60d6df53021cbeac4f'},0x0000000002032370b971dabd36d72f3e5a7bf1ee,polygon,aave_v2,0x35665544397f959ed7e8d1e37d30237d2472a970786a94a908e9cae4a2b1f87e,0x35665544397f959ed7e8d1e37d30237d2472a970786a94a908e9cae4a2b1f87e_Deposit,2021-05-10 00:52:42,1620607962,deposit,"{'type': 'Deposit', 'amount': '7794302044', 'assetSymbol': 'USDT', 'assetPriceUSD': '1.005816176000003266046054060170605', 'poolId': '0xc2132d05d31c914a87c6611c10748aeb04b58e8f', 'userId': '0x0000000002032370b971dabd36d72f3e5a7bf1ee'}",0,{'$date': '2025-05-06T22:38:26.056Z'},{'$date': '2025-05-06T22:38:26.056Z'}
{'$oid': '681a8fcdd6df53021cbebdb5'},0x0000000002032370b971dabd36d72f3e5a7bf1ee,polygon,aave_v2,0xb7cf093a7dc393a2d565a8b4aa1a5c8781d58c1dd942ddd2407a601dca82a3f5,0xb7cf093a7dc393a2d565a8b4aa1a5c8781d58c1dd942ddd2407a601dca82a3f5_Deposit,2021-05-10 05:22:23,1620624143,deposit,"{'type': 'Deposit', 'amount': '9000000000000000000', 'assetSymbol': 'WMATIC', 'assetPriceUSD': '0.9573117878426372074839769581730455', 'poolId': '0x0d500b1d8e8ef31e21c99d1db9a6444d3adf1270', 'userId': '0x0000000002032370b971dabd36d72f3e5a7bf1ee'}",0,{'$date': '2025-05-06T22:40:16.045Z'},{'$date': '2025-05-06T22:40:16.045Z'}
{'$oid': '681a8fced6df53021cbed167'},0x0000000002032370b971dabd36d72f3e5a7bf1ee,polygon,aave_v2,0x7fd212a6ffc26d9ebbfa36699c39a33e4dc45421413fb179fde65a645b0f219c,0x7fd212a6ffc26d9ebbfa36699c39a33e4dc45421413fb179fde65a645b0f219c_RedeemUnderlying,2021-05-10 10:21:09,1620642069,redeemunderlying,"{'type': 'RedeemUnderlying', 'amount': '126114961749', 'assetSymbol': 'USDT', 'assetPriceUSD': '1.002606667296999486576167777912267', 'poolId': '0xc2132d05d31c914a87c6611c10748aeb04b58e8f', 'userId': '0x0000000002032370b971dabd36d72f3e5a7bf1ee', 'toId': '0x0000000002032370b971dabd36d72f3e5a7bf1ee'}",0,{'$date': '2025-05-06T22:40:16.247Z'},{'$date': '2025-05-06T22:40:16.247Z'}
{'$oid': '681a8fcfd6df53021cbed1ee'},0x0000000002032370b971dabd36d72f3e5a7bf1ee,polygon,aave_v2,0xb7f157ff45bd8e314cd029f0cbf90a5880412d8b9d3a7ea0ef6f4e8d75f66621,0xb7f157ff45bd8e314cd029f0cbf90a5880412d8b9d3a7ea0ef6f4e8d75f66621_Deposit,2021-05-10 10:29:39,1620642579,deposit,"{'type': 'Deposit', 'amount': '131466747694', 'assetSymbol': 'USDC', 'assetPriceUSD': '1.000372527988310456695491545689146', 'poolId': '0x2791bca1f2de4661ed88a30c99a7a9449aa84174', 'userId': '0x0000000002032370b971dabd36d72f3e5a7bf1ee'}",0,{'$date': '2025-05-06T22:40:16.251Z'},{'$date': '2025-05-06T22:40:16.251Z'}
{'$oid': '681a8fcfd6df53021cbed28c'},0x0000000002032370b971dabd36d72f3e5a7bf1ee,polygon,aave_v2,0xb8783f7835f7c747bf20f7ed67f7d108859d27708f91ab83ed231e25e6929a55,0xb8783f7835f7c747bf20f7ed67f7d108859d27708f91ab83ed231e25e6929a55_Deposit,2021-05-10 10:41:55,1620643315,deposit,"{'type': 'Deposit', 'amount': '11000000000000000000', 'assetSymbol': 'WMATIC', 'assetPriceUSD': '0.9181318161000024403576419211624863', 'poolId': '0x0d500b1d8e8ef31e21c99d1db9a6444d3adf1270', 'userId': '0x0000000002032370b971dabd36d72f3e5a7bf1ee'}",0,{'$date': '2025-05-06T22:40:16.255Z'},{'$date': '2025-05-06T22:40:16.255Z'}
{'$oid': '681a902dd6df53021cbeebde'},0x0000000002032370b971dabd36d72f3e5a7bf1ee,polygon,aave_v2,0x3b9b1a2e59abcd7330df499a9c95d9a8b5864a0025f79aa8368c474311c65f23,0x3b9b1a2e59abcd7330df499a9c95d9a8b5864a0025f79aa8368c474311c65f23_Deposit,2021-05-10 16:38:55,1620664735,deposit,"{'type': 'Deposit', 'amount': '4000000000000000000', 'assetSymbol': 'WMATIC', 'assetPriceUSD': '0.9286696714820402071412791757075397', 'poolId': '0x0d500b1d8e8ef31e21c99d1db9a6444d3adf1270', 'userId': '0x0000000002032370b971dabd36d72f3e5a7bf1ee'}",0,{'$date': '2025-05-06T22:41:51.485Z'},{'$date': '2025-05-06T22:41:51.485Z'}
{'$oid': '681a902fd6df53021cbf08ab'},0x0000000002032370b971dabd36d72f3e5a7bf1ee,polygon,aave_v2,0xce2a21361f9bf6a260535272869296def6657352a900393d0e3ac3bb39b20fdd,0xce2a21361f9bf6a260535272869296def6657352a900393d0e3ac3bb39b20fdd_RedeemUnderlying,2021-05-10 21:30:34,1620682234,redeemunderlying,"{'type': 'RedeemUnderlying', 'amount': '16000000000', 'assetSymbol': 'USDC', 'assetPriceUSD': '0.9996846492267014004501544047387639', 'poolId': '0x2791bca1f2de4661ed88a30c99a7a9449aa84174', 'userId': '0x0000000002032370b971dabd36d72f3e5a7bf1ee', 'toId': '0x0000000002032370b971dabd36d72f3e5a7bf1ee'}",0,{'$date': '2025-05-06T22:41:51.789Z'},{'$date': '2025-05-06T22:41:51.789Z'}
{'$oid': '681a902fd6df53021cbf0886'},0x0000000002032370b971dabd36d72f3e5a7bf1ee,polygon,aave_v2,0xec618a06bcac9dabde9ca25b29864247aabc95c152419981b8138912edf0b9cc,0xec618a06bcac9dabde9ca25b29864247aabc95c152419981b8138912edf0b9cc_RedeemUnderlying,2021-05-10 21:28:50,1620682130,redeemunderlying,"{'type': 'RedeemUnderlying', 'amount': '4000000000', 'assetSymbol': 'USDC', 'assetPriceUSD': '0.9996846492267014004501544047387639', 'poolId': '0x2791bca1f2de4661ed88a30c99a7a9449aa84174', 'userId': '0x0000000002032370b971dabd36d72f3e5a7bf1ee', 'toId': '0x0000000002032370b971dabd36d72f3e5a7bf1ee'}",0,{'$date': '2025-05-06T22:41:51.788Z'},{'$date': '2025-05-06T22:41:51.788Z'}
{'$oid': '681a902fd6df53021cbf0968'},0x0000000002032370b971dabd36d72f3e5a7bf1ee,polygon,aave_v2,0x9be6b0574bef9cddefbe36576bb192b35ea99420250f2b1b874edf48696e86b7,0x9be6b0574bef9cddefbe36576bb192b35ea99420250f2b1b874edf48696e86b7_Deposit,2021-05-10 21:39:52,1620682792,deposit,"{'type': 'Deposit', 'amount': '12006022311', 'assetSymbol': 'USDC', 'assetPriceUSD': '0.9980110025250540320935676686088698', 'poolId': '0x2791bca1f2de4661ed88a30c99a7a9449aa84174', 'userId': '0x0000000002032370b971dabd36d72f3e5a7bf1ee'}",0,{'$date': '2025-05-06T22:41:51.794Z'},{'$date': '2025-05-06T22:41:51.794Z'}
{'$oid': '681a902fd6df53021cbf09bd'},0x0000000002032370b971dabd36d72f3e5a7bf1ee,polygon,aave_v2,0xfc0ea028499db6ba6767a0861d4c23bc3d3129ae85a83835351f95b6b528ac9e,0xfc0ea028499db6ba6767a0861d4c23bc3d3129ae85a83835351f95b6b528ac9e_Deposit,2021-05-10 21:45:20,1620683120,deposit,"{'type': 'Deposit', 'amount': '793211358', 'assetSymbol': 'USDC', 'assetPriceUSD': '0.9980110025250540320935676686088698', 'poolId': '0x2791bca1f2de4661ed88a30c99a7a9449aa84174', 'userId': '0x0000000002032370b971dabd36d72f3e5a7bf1ee'}",0,{'$date': '2025-05-06T22:41:51.796Z'},{'$date': '2025-05-06T22:41:51.796Z'}
{'$oid': '681a902fd6df53021cbf09a5'},0x0000000002032370b971dabd36d72f3e5a7bf1ee,polygon,aave_v2,0x67e8dfac798773510d36d3a9cc5f713b41f7f17dc5f66c2597816126d1d4f717,0x67e8dfac798773510d36d3a9cc5f713b41f7f17dc5f66c2597816126d1d4f717_RedeemUnderlying,2021-05-10 21:43:06,1620682986,redeemunderlying,"{'type': 'RedeemUnderlying', 'amount': '200000000000000000', 'assetSymbol': 'WETH', 'assetPriceUSD': '3972.262144620008486113425813882345', 'poolId': '0x7ceb23fd6bc0add59e62ac25578270cff1b9f619', 'userId': '0x0000000002032370b971dabd36d72f3e5a7bf1ee', 'toId': '0x0000000002032370b971dabd36d72f3e5a7bf1ee'}",0,{'$date': '2025-05-06T22:41:51.795Z'},{'$date': '2025-05-06T22:41:51.795Z'}
{'$oid': '681a916ed6df53021cbf7e2c'},0x0000000002032370b971dabd36d72f3e5a7bf1ee,polygon,aave_v2,0x3e68e8b08359d8addb33acf314f1ce553380f29dad5179d648fde2be12efb09f,0x3e68e8b08359d8addb33acf314f1ce553380f29dad5179d648fde2be12efb09f_RedeemUnderlying,2021-05-12 01:54:35,1620784475,redeemunderlying,"{'type': 'RedeemUnderlying', 'amount': '1000000000000000000', 'assetSymbol': 'WETH', 'assetPriceUSD': '4167.941660880010125546671068627795', 'poolId': '0x7ceb23fd6bc0add59e62ac25578270cff1b9f619', 'userId': '0x0000000002032370b971dabd36d72f3e5a7bf1ee', 'toId': '0x0000000002032370b971dabd36d72f3e5a7bf1ee'}",0,{'$date': '2025-05-06T22:47:10.897Z'},{'$date': '2025-05-06T22:47:10.897Z'}
{'$oid': '681a916ed6df53021cbf7e53'},0x0000000002032370b971dabd36d72f3e5a7bf1ee,polygon,aave_v2,0x168a84021469d9658617b23397c438f0571dbb6940269cb4fa71731488c4266e,0x168a84021469d9658617b23397c438f0571dbb6940269cb4fa71731488c4266e_Deposit,2021-05-12 01:56:47,1620784607,deposit,"{'type': 'Deposit', 'amount': '2081631645', 'assetSymbol': 'USDC', 'assetPriceUSD': '0.9988893607372786218399427518825714', 'poolId': '0x2791bca1f2de4661ed88a30c99a7a9449aa84174', 'userId': '0x0000000002032370b971dabd36d72f3e5a7bf1ee'}",0,{'$date': '2025-05-06T22:47:10.898Z'},{'$date': '2025-05-06T22:47:10.898Z'}
{'$oid': '681a916ed6df53021cbf7e62'},0x0000000002032370b971dabd36d72f3e5a7bf1ee,polygon,aave_v2,0x4acf4fcb778c3fc4c18e1beeae8216654cee39369d90f3b51305600e2656c562,0x4acf4fcb778c3fc4c18e1beeae8216654cee39369d90f3b51305600e2656c562_Deposit,2021-05-12 01:57:23,1620784643,deposit,"{'type': 'Deposit', 'amount': '22000000000000000000', 'assetSymbol': 'WPOL', 'assetPriceUSD': '1.074912154340954611378486468599108', 'poolId': '0x0d500b1d8e8ef31e21c99d1db9a6444d3adf1270', 'userId': '0x0000000002032370b971dabd36d72f3e5a7bf1ee'}",0,{'$date': '2025-05-06T22:47:10.899Z'},{'$date': '2025-05-06T22:47:10.899Z'}
{'$oid': '681a92fed6df53021cbfe13c'},0x0000000002032370b971dabd36d72f3e5a7bf1ee,polygon,aave_v2,0x0ee277805305923591de078c8999f8d179e5c70515c856588d3a4cf66480f323,0x0ee277805305923591de078c8999f8d179e5c70515c856588d3a4cf66480f323_RedeemUnderlying,2021-05-12 19:12:18,1620846738,redeemunderlying,"{'type': 'RedeemUnderlying', 'amount': '2000000000000000000', 'assetSymbol': 'WETH', 'assetPriceUSD': '3957.733296080000738415231126408727', 'poolId': '0x7ceb23fd6bc0add59e62ac25578270cff1b9f619', 'userId': '0x0000000002032370b971dabd36d72f3e5a7bf1ee', 'toId': '0x0000000002032370b971dabd36d72f3e5a7bf1ee'}",0,{'$date': '2025-05-06T22:53:51.957Z'},{'$date': '2025-05-06T22:53:51.957Z'}
{'$oid': '681a92fed6df53021cbfe26c'},0x0000000002032370b971dabd36d72f3e5a7bf1ee,polygon,aave_v2,0xdd15aa9ca4f60edeec008cf852e3758ca7bd7428498484f68847801967a1f3f6,0xdd15aa9ca4f60edeec008cf852e3758ca7bd7428498484f68847801967a1f3f6_RedeemUnderlying,2021-05-12 19:20:25,1620847225,redeemunderlying,"{'type': 'RedeemUnderlying', 'amount': '9984411236', 'assetSymbol': 'USDT', 'assetPriceUSD': '1.001103434124783956967631202655384', 'poolId': '0xc2132d05d31c914a87c6611c10748aeb04b58e8f', 'userId': '0x0000000002032370b971dabd36d72f3e5a7bf1ee', 'toId': '0x0000000002032370b971dabd36d72f3e5a7bf1ee'}",0,{'$date': '2025-05-06T22:53:51.964Z'},{'$date': '2025-05-06T22:53:51.964Z'}
{'$oid': '681a92fed6df53021cbfe18d'},0x0000000002032370b971dabd36d72f3e5a7bf1ee,polygon,aave_v2,0x84db288ada468226ea49fe998b9bc87d4accb1445a2ff314364b6e331126d220,0x84db288ada468226ea49fe998b9bc87d4accb1445a2ff314364b6e331126d220_Deposit,2021-05-12 19:14:08,1620846848,deposit,"{'type': 'Deposit', 'amount': '9984397602', 'assetSymbol': 'USDT', 'assetPriceUSD': '0.9969666591146025889604306833954849', 'poolId': '0xc2132d05d31c914a87c6611c10748aeb04b58e8f', 'userId': '0x0000000002032370b971dabd36d72f3e5a7bf1ee'}",0,{'$date': '2025-05-06T22:53:51.959Z'},{'$date': '2025-05-06T22:53:51.959Z'}
{'$oid': '681a92fed6df53021cbfe27b'},0x0000000002032370b971dabd36d72f3e5a7bf1ee,polygon,aave_v2,0xb26c4bd27ee115bde35e548a4224a5168c906f88ef8242bd819a8effdb7b990c,0xb26c4bd27ee115bde35e548a4224a5168c906f88ef8242bd819a8effdb7b990c_RedeemUnderlying,2021-05-12 19:20:39,1620847239,redeemunderlying,"{'type': 'RedeemUnderlying', 'amount': '10000000000', 'assetSymbol': 'USDC', 'assetPriceUSD': '1.006188356720238577148971829675585', 'poolId': '0x2791bca1f2de4661ed88a30c99a7a9449aa84174', 'userId': '0x0000000002032370b971dabd36d72f3e5a7bf1ee', 'toId': '0x0000000002032370b971dabd36d72f3e5a7bf1ee'}",0,{'$date': '2025-05-06T22:53:51.964Z'},{'$date': '2025-05-06T22:53:51.964Z'}
{'$oid': '681a92fed6df53021cbfe2fc'},0x0000000002032370b971dabd36d72f3e5a7bf1ee,polygon,aave_v2,0x316fc17d14fb4c35e77a462a1453bf6363a4178d6625e915dee18886e9176acb,0x316fc17d14fb4c35e77a462a1453bf6363a4178d6625e915dee18886e9176acb_Deposit,2021-05-12 19:25:07,1620847507,deposit,"{'type': 'Deposit', 'amount': '11000000000000000000', 'assetSymbol': 'WPOL', 'assetPriceUSD': '1.153114123592739371992484603628365', 'poolId': '0x0d500b1d8e8ef31e21c99d1db9a6444d3adf1270', 'userId': '0x0000000002032370b971dabd36d72f3e5a7bf1ee'}",0,{'$date': '2025-05-06T22:53:51.967Z'},{'$date': '2025-05-06T22:53:51.967Z'}
{'$oid': '681a92fed6df53021cbfe2c8'},0x0000000002032370b971dabd36d72f3e5a7bf1ee,polygon,aave_v2,0xac765935c7371a65a259590dcce5df050a83f4f6b0087e84f46b799beaa845e5,0xac765935c7371a65a259590dcce5df050a83f4f6b0087e84f46b799beaa845e5_Deposit,2021-05-12 19:22:57,1620847377,deposit,"{'type': 'Deposit', 'amount': '39620734', 'assetSymbol': 'USDC', 'assetPriceUSD': '0.9990214014161401753039104575059603', 'poolId': '0x2791bca1f2de4661ed88a30c99a7a9449aa84174', 'userId': '0x0000000002032370b971dabd36d72f3e5a7bf1ee'}",0,{'$date': '2025-05-06T22:53:51.966Z'},{'$date': '2025-05-06T22:53:51.966Z'}
{'$oid': '681a953bd6df53021cc0867b'},0x0000000002032370b971dabd36d72f3e5a7bf1ee,polygon,aave_v2,0xfee06bb0685ec95fe5bda92923d001c4b1b1357905b5da57fb81be7f8ef2eb41,0xfee06bb0685ec95fe5bda92923d001c4b1b1357905b5da57fb81be7f8ef2eb41_Deposit,2021-05-13 20:30:43,1620937843,deposit,"{'type': 'Deposit', 'amount': '15000000000000000000', 'assetSymbol': 'WPOL', 'assetPriceUSD': '1.041988250760884303472176556893173', 'poolId': '0x0d500b1d8e8ef31e21c99d1db9a6444d3adf1270', 'userId': '0x0000000002032370b971dabd36d72f3e5a7bf1ee'}",0,{'$date': '2025-05-06T23:03:25.629Z'},{'$date': '2025-05-06T23:03:25.629Z'}
{'$oid': '681a9637d6df53021cc0de6a'},0x0000000002032370b971dabd36d72f3e5a7bf1ee,polygon,aave_v2,0xde0495e3bd649cce06f6ee9d2df98383277a16dd0fc21ece5ba3622bafd597f6,0xde0495e3bd649cce06f6ee9d2df98383277a16dd0fc21ece5ba3622bafd597f6_Deposit,2021-05-14 11:43:31,1620992611,deposit,"{'type': 'Deposit', 'amount': '9000000000000000000', 'assetSymbol': 'WPOL', 'assetPriceUSD': '1.325835135180622647163406383197702', 'poolId': '0x0d500b1d8e8ef31e21c99d1db9a6444d3adf1270', 'userId': '0x0000000002032370b971dabd36d72f3e5a7bf1ee'}",0,{'$date': '2025-05-06T23:07:37.010Z'},{'$date': '2025-05-06T23:07:37.010Z'}
{'$oid': '681a9637d6df53021cc0e35d'},0x0000000002032370b971dabd36d72f3e5a7bf1ee,polygon,aave_v2,0xa9f6797fded6d6a81ce4d04cd56382e38b5ade18c7e5e0d83bde064cce610325,0xa9f6797fded6d6a81ce4d04cd56382e38b5ade18c7e5e0d83bde064cce610325_RedeemUnderlying,2021-05-14 12:15:41,1620994541,redeemunderlying,"{'type': 'RedeemUnderlying', 'amount': '20000000000', 'assetSymbol': 'USDC', 'assetPriceUSD': '0.993935566272842691749815996563503', 'poolId': '0x2791bca1f2de4661ed88a30c99a7a9449aa84174', 'userId': '0x0000000002032370b971dabd36d72f3e5a7bf1ee', 'toId': '0x0000000002032370b971dabd36d72f3e5a7bf1ee'}",0,{'$date': '2025-05-06T23:07:37.041Z'},{'$date': '2025-05-06T23:07:37.041Z'}
{'$oid': '681a9893d6df53021cc194fe'},0x0000000002032370b971dabd36d72f3e5a7bf1ee,polygon,aave_v2,0x843ce737b2fc46b61c988d1878c30e3ce01b72e65a7e4ab4113f9d4c81ad6b7b,0x843ce737b2fc46b61c988d1878c30e3ce01b72e65a7e4ab4113f9d4c81ad6b7b_Deposit,2021-05-15 11:28:50,1621078130,deposit,"{'type': 'Deposit', 'amount': '10000000000000000000', 'assetSymbol': 'WPOL', 'assetPriceUSD': '1.655353153006032343239644827312299', 'poolId': '0x0d500b1d8e8ef31e21c99d1db9a6444d3adf1270', 'userId': '0x0000000002032370b971dabd36d72f3e5a7bf1ee'}",0,{'$date': '2025-05-06T23:17:42.355Z'},{'$date': '2025-05-06T23:17:42.355Z'}
{'$oid': '681aa637d6df53021cc6a6f8'},0x0000000002032370b971dabd36d72f3e5a7bf1ee,polygon,aave_v2,0x03966a403c1842576462b800e50ffa2de62a9bdb719cfc7abb2234346a0f4773,0x03966a403c1842576462b800e50ffa2de62a9bdb719cfc7abb2234346a0f4773_Borrow,2021-05-20 09:55:58,1621504558,borrow,"{'type': 'Borrow', 'amount': '70000000000', 'assetSymbol': 'USDT', 'assetPriceUSD': '1.000830484200001705755427441430907', 'poolId': '0xc2132d05d31c914a87c6611c10748aeb04b58e8f', 'userId': '0x0000000002032370b971dabd36d72f3e5a7bf1ee', 'borrowRateMode': None, 'borrowRate': '214794030039040374766947802', 'variableTokenDebt': '0', 'stableTokenDebt': '0', 'callerId': '0x0000000002032370b971dabd36d72f3e5a7bf1ee'}",0,{'$date': '2025-05-07T00:15:52.309Z'},{'$date': '2025-05-07T00:15:52.309Z'}
{'$oid': '681aa637d6df53021cc6a906'},0x0000000002032370b971dabd36d72f3e5a7bf1ee,polygon,aave_v2,0xcb16f4d27ae773d7ac1095bcc9e3815f55c6ff771ce7a2e1aecbdd8b9491798f,0xcb16f4d27ae773d7ac1095bcc9e3815f55c6ff771ce7a2e1aecbdd8b9491798f_Deposit,2021-05-20 10:08:13,1621505293,deposit,"{'type': 'Deposit', 'amount': '33000000000000000000', 'assetSymbol': 'WPOL', 'assetPriceUSD': '1.926840834659161327526137747941542', 'poolId': '0x0d500b1d8e8ef31e21c99d1db9a6444d3adf1270', 'userId': '0x0000000002032370b971dabd36d72f3e5a7bf1ee'}",0,{'$date': '2025-05-07T00:15:52.355Z'},{'$date': '2025-05-07T00:15:52.355Z'}
{'$oid': '681aa637d6df53021cc6a894'},0x0000000002032370b971dabd36d72f3e5a7bf1ee,polygon,aave_v2,0xf7fd8ca50671538fafcdac7a1d5686abfd529dd01103f3c93666f6188a483417,0xf7fd8ca50671538fafcdac7a1d5686abfd529dd01103f3c93666f6188a483417_Deposit,2021-05-20 10:05:51,1621505151,deposit,"{'type': 'Deposit', 'amount': '10004413993', 'assetSymbol': 'USDC', 'assetPriceUSD': '0.9977590159506083301920242869681325', 'poolId': '0x2791bca1f2de4661ed88a30c99a7a9449aa84174', 'userId': '0x0000000002032370b971dabd36d72f3e5a7bf1ee'}",0,{'$date': '2025-05-07T00:15:52.348Z'},{'$date': '2025-05-07T00:15:52.348Z'}
{'$oid': '681aa637d6df53021cc6a89f'},0x0000000002032370b971dabd36d72f3e5a7bf1ee,polygon,aave_v2,0x0afea7b34ac0771f9d82d034833569ce984a913d06640f24e7d0a498a231eb69,0x0afea7b34ac0771f9d82d034833569ce984a913d06640f24e7d0a498a231eb69_Repay,2021-05-20 10:06:11,1621505171,repay,"{'type': 'Repay', 'amount': '10021067350', 'assetSymbol': 'USDT', 'assetPriceUSD': '1.001905866582676338214219915339454', 'poolId': '0xc2132d05d31c914a87c6611c10748aeb04b58e8f', 'userId': '0x0000000002032370b971dabd36d72f3e5a7bf1ee', 'useATokens': False, 'repayerId': '0x0000000002032370b971dabd36d72f3e5a7bf1ee'}",0,{'$date': '2025-05-07T00:15:52.348Z'},{'$date': '2025-05-07T00:15:52.348Z'}
{'$oid': '681aa637d6df53021cc6a8fe'},0x0000000002032370b971dabd36d72f3e5a7bf1ee,polygon,aave_v2,0xe9295e143050bc8fb77346f0bb2d867b2b17f0354dd18a4200e38f98101642a9,0xe9295e143050bc8fb77346f0bb2d867b2b17f0354dd18a4200e38f98101642a9_Deposit,2021-05-20 10:07:59,1621505279,deposit,"{'type': 'Deposit', 'amount': '375228518138874753', 'assetSymbol': 'WPOL', 'assetPriceUSD': '1.926840834659161327526137747941542', 'poolId': '0x0d500b1d8e8ef31e21c99d1db9a6444d3adf1270', 'userId': '0x0000000002032370b971dabd36d72f3e5a7bf1ee'}",0,{'$date': '2025-05-07T00:15:52.354Z'},{'$date': '2025-05-07T00:15:52.354Z'}
{'$oid': '681aa7dfd6df53021cc72fa8'},0x0000000002032370b971dabd36d72f3e5a7bf1ee,polygon,aave_v2,0x350da53c1c6ce941604d770b5f1de4bfe8f517a3fde5855736f9a1990832a6e7,0x350da53c1c6ce941604d770b5f1de4bfe8f517a3fde5855736f9a1990832a6e7_Repay,2021-05-20 19:46:09,1621539969,repay,"{'type': 'Repay', 'amount': '2091436812', 'assetSymbol': 'USDT', 'assetPriceUSD': '1.005993629745049843634565014756017', 'poolId': '0xc2132d05d31c914a87c6611c10748aeb04b58e8f', 'userId': '0x0000000002032370b971dabd36d72f3e5a7bf1ee', 'useATokens': False, 'repayerId': '0x0000000002032370b971dabd36d72f3e5a7bf1ee'}",0,{'$date': '2025-05-07T00:22:57.399Z'},{'$date': '2025-05-07T00:22:57.399Z'}
{'$oid': '681aa92ed6df53021cc7c1a8'},0x0000000002032370b971dabd36d72f3e5a7bf1ee,polygon,aave_v2,0xac1556023e24db331178dd51b21b315ea193fcddb29ad9416ddfa641fe6e6cfb,0xac1556023e24db331178dd51b21b315ea193fcddb29ad9416ddfa641fe6e6cfb_RedeemUnderlying,2021-05-21 09:19:39,1621588779,redeemunderlying,"{'type': 'RedeemUnderlying', 'amount': '800000000', 'assetSymbol': 'USDC', 'assetPriceUSD': '1.001513025666906825398517880103735', 'poolId': '0x2791bca1f2de4661ed88a30c99a7a9449aa84174', 'userId': '0x0000000002032370b971dabd36d72f3e5a7bf1ee', 'toId': '0x0000000002032370b971dabd36d72f3e5a7bf1ee'}",0,{'$date': '2025-05-07T00:28:31.129Z'},{'$date': '2025-05-07T00:28:31.129Z'}
{'$oid': '681aa92ed6df53021cc7c24a'},0x0000000002032370b971dabd36d72f3e5a7bf1ee,polygon,aave_v2,0x6e54809138267c4cd520185eadaaadb65cf5ebfaeec3c8e8faabdcbed25629c3,0x6e54809138267c4cd520185eadaaadb65cf5ebfaeec3c8e8faabdcbed25629c3_Repay,2021-05-21 09:23:51,1621589031,repay,"{'type': 'Repay', 'amount': '618530532', 'assetSymbol': 'USDT', 'assetPriceUSD': '1.001748919000000718354149814900515', 'poolId': '0xc2132d05d31c914a87c6611c10748aeb04b58e8f', 'userId': '0x0000000002032370b971dabd36d72f3e5a7bf1ee', 'useATokens': False, 'repayerId': '0x0000000002032370b971dabd36d72f3e5a7bf1ee'}",0,{'$date': '2025-05-07T00:28:31.133Z'},{'$date': '2025-05-07T00:28:31.133Z'}
{'$oid': '681aa92ed6df53021cc7c558'},0x0000000002032370b971dabd36d72f3e5a7bf1ee,polygon,aave_v2,0x866488e1b1f0ff472807b35baf140ceb3f4c0958faa44c0f205ac4b9852bffe1,0x866488e1b1f0ff472807b35baf140ceb3f4c0958faa44c0f205ac4b9852bffe1_Deposit,2021-05-21 09:45:59,1621590359,deposit,"{'type': 'Deposit', 'amount': '19000000000000000000', 'assetSymbol': 'WPOL', 'assetPriceUSD': '1.814559652400001852865006662165892', 'poolId': '0x0d500b1d8e8ef31e21c99d1db9a6444d3adf1270', 'userId': '0x0000000002032370b971dabd36d72f3e5a7bf1ee'}",0,{'$date': '2025-05-07T00:28:31.174Z'},{'$date': '2025-05-07T00:28:31.174Z'}
{'$oid': '681aa92ed6df53021cc7c5ea'},0x0000000002032370b971dabd36d72f3e5a7bf1ee,polygon,aave_v2,0x2b33ac9ddc80693811f43347a54652497dfd9398695b5c2bd4ae155f246880af,0x2b33ac9ddc80693811f43347a54652497dfd9398695b5c2bd4ae155f246880af_Deposit,2021-05-21 09:48:37,1621590517,deposit,"{'type': 'Deposit', 'amount': '180760007', 'assetSymbol': 'USDC', 'assetPriceUSD': '1.004773226383171286899141991565372', 'poolId': '0x2791bca1f2de4661ed88a30c99a7a9449aa84174', 'userId': '0x0000000002032370b971dabd36d72f3e5a7bf1ee'}",0,{'$date': '2025-05-07T00:28:31.193Z'},{'$date': '2025-05-07T00:28:31.193Z'}
{'$oid': '681aa92ed6df53021cc7c7ce'},0x0000000002032370b971dabd36d72f3e5a7bf1ee,polygon,aave_v2,0x1f9cdf76995a2fdf4a29e2194a7439b4a16f292f402a0caa0bff6ccec8a8fbf6,0x1f9cdf76995a2fdf4a29e2194a7439b4a16f292f402a0caa0bff6ccec8a8fbf6_RedeemUnderlying,2021-05-21 10:05:20,1621591520,redeemunderlying,"{'type': 'RedeemUnderlying', 'amount': '5000000000', 'assetSymbol': 'USDC', 'assetPriceUSD': '1.003709966079046327160943612714817', 'poolId': '0x2791bca1f2de4661ed88a30c99a7a9449aa84174', 'userId': '0x0000000002032370b971dabd36d72f3e5a7bf1ee', 'toId': '0x0000000002032370b971dabd36d72f3e5a7bf1ee'}",0,{'$date': '2025-05-07T00:28:31.243Z'},{'$date': '2025-05-07T00:28:31.243Z'}
{'$oid': '681aa99dd6df53021cc7c810'},0x0000000002032370b971dabd36d72f3e5a7bf1ee,polygon,aave_v2,0xb9e54c8aa28af88161a3fa1c51239eaaaabb8b9d83d8b4e6a3f16c888b614fe8,0xb9e54c8aa28af88161a3fa1c51239eaaaabb8b9d83d8b4e6a3f16c888b614fe8_Deposit,2021-05-21 10:06:56,1621591616,deposit,"{'type': 'Deposit', 'amount': '4000000000', 'assetSymbol': 'USDC', 'assetPriceUSD': '1.003709966079046327160943612714817', 'poolId': '0x2791bca1f2de4661ed88a30c99a7a9449aa84174', 'userId': '0x0000000002032370b971dabd36d72f3e5a7bf1ee'}",0,{'$date': '2025-05-07T00:30:24.222Z'},{'$date': '2025-05-07T00:30:24.222Z'}
{'$oid': '681aa99ed6df53021cc7d55f'},0x0000000002032370b971dabd36d72f3e5a7bf1ee,polygon,aave_v2,0x4a89a3aafedd15335d51c501b617524d8ff2e3f9fc5659b4e230f8223d2d8c0f,0x4a89a3aafedd15335d51c501b617524d8ff2e3f9fc5659b4e230f8223d2d8c0f_Repay,2021-05-21 11:32:19,1621596739,repay,"{'type': 'Repay', 'amount': '57293538156', 'assetSymbol': 'USDT', 'assetPriceUSD': '1.001622784500002461467960453066049', 'poolId': '0xc2132d05d31c914a87c6611c10748aeb04b58e8f', 'userId': '0x0000000002032370b971dabd36d72f3e5a7bf1ee', 'useATokens': False, 'repayerId': '0x0000000002032370b971dabd36d72f3e5a7bf1ee'}",0,{'$date': '2025-05-07T00:30:24.349Z'},{'$date': '2025-05-07T00:30:24.349Z'}
{'$oid': '681aa99ed6df53021cc7d593'},0x0000000002032370b971dabd36d72f3e5a7bf1ee,polygon,aave_v2,0x4c756c8cfdf2228ad98e6b0d7be70ca215e1b6f86217ddfa2a93c812dca4f50d,0x4c756c8cfdf2228ad98e6b0d7be70ca215e1b6f86217ddfa2a93c812dca4f50d_RedeemUnderlying,2021-05-21 11:33:05,1621596785,redeemunderlying,"{'type': 'RedeemUnderlying', 'amount': '30000000000', 'assetSymbol': 'USDC', 'assetPriceUSD': '0.9969424202332062787660588746997658', 'poolId': '0x2791bca1f2de4661ed88a30c99a7a9449aa84174', 'userId': '0x0000000002032370b971dabd36d72f3e5a7bf1ee', 'toId': '0x0000000002032370b971dabd36d72f3e5a7bf1ee'}",0,{'$date': '2025-05-07T00:30:24.351Z'},{'$date': '2025-05-07T00:30:24.351Z'}
{'$oid': '681aa99ed6df53021cc7d671'},0x0000000002032370b971dabd36d72f3e5a7bf1ee,polygon,aave_v2,0xe766c64da053479645d84d45c69d413b711b9b6bdb236ec4207754c2e05261a4,0xe766c64da053479645d84d45c69d413b711b9b6bdb236ec4207754c2e05261a4_Deposit,2021-05-21 11:37:19,1621597039,deposit,"{'type': 'Deposit', 'amount': '6173736965', 'assetSymbol': 'USDC', 'assetPriceUSD': '1.004224059861806865669834573026655', 'poolId': '0x2791bca1f2de4661ed88a30c99a7a9449aa84174', 'userId': '0x0000000002032370b971dabd36d72f3e5a7bf1ee'}",0,{'$date': '2025-05-07T00:30:24.366Z'},{'$date': '2025-05-07T00:30:24.366Z'}
{'$oid': '681aacb6d6df53021cc906be'},0x0000000002032370b971dabd36d72f3e5a7bf1ee,polygon,aave_v2,0x516db5424b6aa95e747f9567fa2950bd8f864b912635d83eb29f5a2f5f3bc486,0x516db5424b6aa95e747f9567fa2950bd8f864b912635d83eb29f5a2f5f3bc486_Deposit,2021-05-22 09:20:56,1621675256,deposit,"{'type': 'Deposit', 'amount': '5000000000000000000', 'assetSymbol': 'WPOL', 'assetPriceUSD': '1.355303670421343245386370062858256', 'poolId': '0x0d500b1d8e8ef31e21c99d1db9a6444d3adf1270', 'userId': '0x0000000002032370b971dabd36d72f3e5a7bf1ee'}",0,{'$date': '2025-05-07T00:43:35.233Z'},{'$date': '2025-05-07T00:43:35.233Z'}
